{"cameraMode":{"drawMode":0,"name":"Shaded","section":"Shading Mode"},"sceneLighting":false,"audioPlay":false,"sceneViewState":{"showFog":true,"showMaterialUpdate":false,"showSkybox":true,"showFlares":true,"showImageEffects":true,"showParticleSystems":true},"in2DMode":false,"pivot":{"x":0.26262426376342776,"y":0.6147632598876953,"z":-0.3558664321899414},"rotation":{"x":0.23155149817466737,"y":-0.7288663387298584,"z":0.2945045828819275,"w":0.5730661749839783},"size":6.802298545837402,"orthographic":true}