{"cameraMode":{"drawMode":0,"name":"Shaded","section":"Shading Mode"},"sceneLighting":true,"audioPlay":false,"sceneViewState":{"showFog":true,"showMaterialUpdate":false,"showSkybox":true,"showFlares":true,"showImageEffects":true,"showParticleSystems":true},"in2DMode":false,"pivot":{"x":-95.95984649658203,"y":161.110107421875,"z":176.625},"rotation":{"x":0.22227871417999268,"y":-0.44830840826034548,"z":0.11614503711462021,"w":0.8579756021499634},"size":843.7110595703125,"orthographic":true}